{
    "now": "2024-12-19T12:37:16.235Z",
    "perfNow": 5384441.399999976,
    "diagnosticCorrelation": "6a6396f6-ab07-49ec-a39b-c06758e90836",
    "source": "DownloadSupportFiles",
    "environment": {
        "productName": "a365",
        "buildVersion": "24.1112.05",
        "environmentType": 9,
        "resourceName": "sarthak-synapse",
        "resourceRegion": "centralindia",
        "resourceGroup": "rg-azuser2371_mml.local-mUnXu",
        "subscriptionId": "2a3c6418-97b9-4d96-a24b-2c2d7633d375",
        "sessionId": "iftRTXUMh3Cbe34OmTjbVu",
        "operationId": "A1^rd",
        "gitType": "live",
        "loggingKey": "b7272a97-fd9e-4cd8-a819-a1e62a9880f6"
    },
    "additionalInfo": {
        "selectedResource": "Coding-challenge",
        "selectedResourceType": "dataflow",
        "dataFlowSessionId": "4923964d-e911-44f3-869d-ce13b564a5dd"
    }
}