{
    "name": "coding_challenge_1",
    "properties": {
        "linkedServiceName": {
            "referenceName": "codingchallengeblob",
            "type": "LinkedServiceReference"
        },
        "annotations": [],
        "type": "DelimitedText",
        "typeProperties": {
            "location": {
                "type": "AzureBlobStorageLocation",
                "fileName": "sample_retail_transactions.csv",
                "container": "sarthak-container-1"
            },
            "columnDelimiter": ",",
            "escapeChar": "\\",
            "firstRowAsHeader": true,
            "quoteChar": "\""
        },
        "schema": [
            {
                "name": "TransactionID",
                "type": "String"
            },
            {
                "name": "CustomerID",
                "type": "String"
            },
            {
                "name": "TransactionDate",
                "type": "String"
            },
            {
                "name": "ProductCategory",
                "type": "String"
            },
            {
                "name": "TransactionAmount",
                "type": "String"
            }
        ]
    }
}