{
    "name": "Codingchallengeoutput",
    "properties": {
        "linkedServiceName": {
            "referenceName": "coding_challenge_lake",
            "type": "LinkedServiceReference"
        },
        "annotations": [],
        "type": "DelimitedText",
        "typeProperties": {
            "location": {
                "type": "AzureBlobFSLocation",
                "fileSystem": "sarthak-project-container-2"
            },
            "columnDelimiter": ",",
            "escapeChar": "\\",
            "firstRowAsHeader": true,
            "quoteChar": "\""
        },
        "schema": [
            {
                "name": "User_ID",
                "type": "String"
            },
            {
                "name": "Product_ID",
                "type": "String"
            },
            {
                "name": "Category",
                "type": "String"
            },
            {
                "name": "Price (Rs.)",
                "type": "String"
            },
            {
                "name": "Discount (%)",
                "type": "String"
            },
            {
                "name": "Final_Price(Rs.)",
                "type": "String"
            },
            {
                "name": "Payment_Method",
                "type": "String"
            },
            {
                "name": "Purchase_Date",
                "type": "String"
            }
        ]
    }
}