TransactionID,CustomerID,TransactionDate,ProductCategory,TransactionAmount
T00001,C0312,2023-03-13,Furniture,86.43
T00002,C0309,2022-07-21,Electronics,320.46
T00003,C0141,2022-09-06,Electronics,504.51
T00004,C0165,2021-07-20,Furniture,811.87
T00005,C0346,2023-04-26,Furniture,711.98
T00006,C0091,2020-05-25,Furniture,904.89
T00007,C0364,2020-05-09,Groceries,773.89
T00008,C0404,2021-02-10,Furniture,13.38
T00009,C0042,2020-10-29,Groceries,22.14
T00010,C0227,2022-03-15,Furniture,814.72
T00011,C0153,2023-06-23,Groceries,281.51
T00012,C0324,2023-06-08,Clothing,71.89
T00013,C0174,2022-01-14,Electronics,552.83
T00014,C0063,2023-10-09,Books,725.67
T00015,C0031,2020-06-13,Electronics,329.18
T00016,C0424,2023-12-26,Groceries,112.78
T00017,C0408,2021-06-18,Groceries,85.59
T00018,C0013,2023-02-26,Books,607.04
T00019,C0100,2021-05-06,Electronics,806.38
T00020,C0489,2021-04-21,Furniture,577.69
T00021,C0465,2022-06-29,Books,744.43
T00022,C0242,2021-07-16,Books,188.61
T00023,C0174,2021-06-01,Electronics,707.71
T00024,C0165,2023-07-26,Books,820.33
T00025,C0076,2020-09-12,Electronics,259.91
T00026,C0179,2020-03-16,Clothing,194.68
T00027,C0098,2021-04-01,Groceries,781.68
T00028,C0020,2022-08-13,Furniture,866.16
T00029,C0088,2021-03-22,Groceries,476.01
T00030,C0312,2022-07-05,Furniture,71.58
T00031,C0496,2020-01-12,Groceries,466.41
T00032,C0287,2023-06-01,Electronics,895.02
T00033,C0388,2021-02-05,Clothing,273.22
T00034,C0279,2023-02-16,Furniture,591.84
T00035,C0453,2020-05-21,Groceries,48.32
T00036,C0326,2023-02-03,Groceries,871.15
T00037,C0459,2020-04-14,Clothing,835.25
T00038,C0202,2021-04-21,Furniture,133.11
T00039,C0337,2023-03-31,Electronics,917.98
T00040,C0326,2022-06-18,Books,129.53
T00041,C0074,2020-06-14,Furniture,16.52
T00042,C0168,2021-09-03,Clothing,943.12
T00043,C0261,2021-04-15,Clothing,108.35
T00044,C0394,2022-12-08,Electronics,962.84
T00045,C0081,2021-03-17,Groceries,671.4
T00046,C0003,2022-06-29,Groceries,979.81
T00047,C0443,2022-01-21,Furniture,40.2
T00048,C0103,2020-08-01,Electronics,347.1
T00049,C0168,2020-09-23,Groceries,619.15
T00050,C0060,2020-11-06,Electronics,398.03
T00051,C0152,2020-09-02,Clothing,294.24
T00052,C0355,2020-05-01,Groceries,310.37
T00053,C0297,2020-07-15,Groceries,228.37
T00054,C0358,2020-04-15,Books,245.63
T00055,C0199,2020-11-04,Books,101.9
T00056,C0493,2022-03-13,Clothing,902.98
T00057,C0083,2022-09-05,Furniture,197.68
T00058,C0062,2022-06-18,Furniture,312.55
T00059,C0255,2022-10-02,Groceries,972.02
T00060,C0103,2022-01-04,Electronics,422.5
T00061,C0477,2023-03-13,Groceries,492.12
T00062,C0239,2023-02-11,Groceries,726.04
T00063,C0455,2020-03-21,Groceries,966.3
T00064,C0345,2021-12-13,Books,437.98
T00065,C0109,2023-10-30,Books,713.2
T00066,C0021,2020-07-22,Clothing,894.42
T00067,C0325,2020-04-04,Clothing,950.21
T00068,C0326,2023-09-29,Furniture,344.33
T00069,C0031,2020-08-19,Electronics,113.22
T00070,C0216,2021-08-11,Books,851.35
T00071,C0441,2020-04-21,Groceries,22.14
T00072,C0412,2021-05-25,Furniture,176.07
T00073,C0452,2023-02-09,Groceries,327.71
T00074,C0320,2021-02-23,Groceries,500.5
T00075,C0166,2020-10-31,Electronics,180.61
T00076,C0072,2023-11-12,Clothing,677.87
T00077,C0395,2021-09-29,Furniture,370.6
T00078,C0181,2021-07-22,Clothing,379.89
T00079,C0297,2020-09-16,Clothing,758.53
T00080,C0166,2021-02-23,Electronics,139.58
T00081,C0352,2023-09-11,Clothing,364.58
T00082,C0149,2021-11-21,Groceries,153.73
T00083,C0442,2023-02-24,Furniture,906.49
T00084,C0073,2023-03-13,Books,457.5
T00085,C0278,2023-07-10,Books,84.67
T00086,C0359,2020-03-02,Books,786.76
T00087,C0069,2023-01-02,Groceries,704.44
T00088,C0432,2021-04-19,Electronics,963.48
T00089,C0474,2022-04-02,Furniture,836.2
T00090,C0241,2023-09-24,Clothing,437.54
T00091,C0006,2022-10-06,Clothing,615.33
T00092,C0090,2020-04-05,Furniture,464.82
T00093,C0064,2023-10-20,Electronics,567.59
T00094,C0209,2020-03-09,Electronics,899.28
T00095,C0051,2022-10-08,Furniture,522.41
T00096,C0010,2020-08-11,Books,857.68
T00097,C0012,2023-02-21,Clothing,617.17
T00098,C0152,2022-04-25,Clothing,86.95
T00099,C0092,2020-05-02,Furniture,47.33
T00100,C0435,2022-02-23,Clothing,750.06
T00101,C0164,2022-05-04,Furniture,816.69
T00102,C0176,2022-11-10,Furniture,347.83
T00103,C0403,2023-02-17,Groceries,88.57
T00104,C0332,2023-07-30,Groceries,662.8
T00105,C0174,2023-03-23,Books,452.26
T00106,C0185,2021-08-28,Groceries,66.5
T00107,C0026,2021-11-11,Books,15.53
T00108,C0128,2023-12-17,Clothing,44.89
T00109,C0053,2021-02-19,Electronics,290.52
T00110,C0300,2023-05-24,Electronics,446.64
T00111,C0340,2022-02-11,Electronics,266.47
T00112,C0157,2023-12-19,Electronics,562.58
T00113,C0492,2021-01-02,Groceries,792.51
T00114,C0048,2020-03-13,Groceries,725.58
T00115,C0213,2022-08-21,Furniture,544.33
T00116,C0464,2020-04-25,Books,266.12
T00117,C0012,2020-10-03,Furniture,576.79
T00118,C0328,2021-02-18,Clothing,100.06
T00119,C0262,2023-10-10,Books,159.85
T00120,C0012,2021-09-21,Groceries,524.79
T00121,C0031,2022-07-18,Groceries,499.64
T00122,C0465,2021-05-07,Furniture,823.02
T00123,C0170,2021-02-19,Groceries,302.92
T00124,C0372,2021-02-14,Books,468.5
T00125,C0478,2023-11-15,Furniture,784.76
T00126,C0310,2020-12-01,Electronics,221.57
T00127,C0052,2023-04-21,Furniture,598.65
T00128,C0269,2022-04-28,Furniture,960.47
T00129,C0256,2020-07-29,Electronics,558.76
T00130,C0129,2021-10-24,Groceries,544.27
T00131,C0145,2022-07-21,Groceries,704.24
T00132,C0197,2021-09-30,Furniture,706.42
T00133,C0159,2020-03-18,Furniture,29.82
T00134,C0488,2023-03-05,Books,723.6
T00135,C0360,2021-12-18,Electronics,222.2
T00136,C0346,2023-05-24,Books,163.71
T00137,C0296,2023-01-08,Groceries,575.85
T00138,C0343,2023-04-19,Electronics,582.56
T00139,C0459,2021-04-02,Furniture,928.34
T00140,C0095,2021-08-14,Furniture,351.43
T00141,C0429,2021-04-05,Electronics,148.54
T00142,C0170,2021-12-19,Electronics,580.38
T00143,C0320,2021-01-23,Groceries,635.71
T00144,C0345,2022-10-04,Electronics,577.57
T00145,C0468,2020-07-01,Furniture,244.26
T00146,C0445,2021-01-17,Books,229.22
T00147,C0498,2023-09-12,Books,226.83
T00148,C0007,2022-06-25,Books,829.67
T00149,C0172,2023-10-24,Clothing,512.82
T00150,C0472,2021-03-02,Clothing,433.48
T00151,C0206,2023-02-15,Clothing,113.39
T00152,C0179,2022-09-20,Furniture,997.02
T00153,C0105,2020-09-30,Furniture,580.68
T00154,C0129,2022-04-23,Clothing,817.84
T00155,C0165,2022-04-15,Books,679.03
T00156,C0466,2021-04-11,Groceries,604.98
T00157,C0094,2021-01-20,Electronics,309.86
T00158,C0014,2021-06-01,Clothing,698.93
T00159,C0402,2023-06-16,Furniture,192.62
T00160,C0053,2023-07-03,Books,291.73
T00161,C0241,2022-12-28,Furniture,769.78
T00162,C0250,2021-05-28,Electronics,650.94
T00163,C0358,2020-08-04,Electronics,59.23
T00164,C0336,2021-12-16,Clothing,575.12
T00165,C0355,2021-06-11,Electronics,847.04
T00166,C0492,2023-04-11,Clothing,787.55
T00167,C0472,2023-09-04,Clothing,303.84
T00168,C0188,2023-08-09,Electronics,275.07
T00169,C0179,2023-11-23,Electronics,346.8
T00170,C0068,2021-04-29,Clothing,422.55
T00171,C0306,2023-01-09,Books,339.87
T00172,C0092,2020-08-20,Groceries,405.42
T00173,C0007,2020-11-17,Furniture,969.69
T00174,C0149,2023-09-14,Clothing,735.01
T00175,C0494,2020-11-27,Books,526.93
T00176,C0342,2021-05-14,Clothing,239.48
T00177,C0286,2023-05-25,Clothing,96.32
T00178,C0063,2022-10-20,Groceries,694.88
T00179,C0047,2022-11-20,Electronics,505.66
T00180,C0125,2023-06-15,Furniture,747.39
T00181,C0322,2021-05-04,Clothing,877.7
T00182,C0477,2023-05-30,Groceries,744.77
T00183,C0377,2022-10-15,Furniture,619.08
T00184,C0253,2022-01-10,Groceries,508.91
T00185,C0206,2021-08-23,Furniture,281.98
T00186,C0323,2022-01-25,Electronics,907.27
T00187,C0121,2020-05-06,Furniture,689.66
T00188,C0077,2023-11-27,Clothing,589.83
T00189,C0253,2022-06-30,Groceries,242.6
T00190,C0018,2022-11-11,Electronics,678.84
T00191,C0166,2022-09-16,Furniture,873.06
T00192,C0386,2023-06-22,Groceries,405.08
T00193,C0358,2022-03-11,Clothing,141.23
T00194,C0394,2020-11-17,Clothing,502.65
T00195,C0196,2022-10-04,Clothing,141.57
T00196,C0118,2023-09-23,Furniture,37.17
T00197,C0230,2020-10-01,Electronics,743.5
T00198,C0027,2020-01-12,Electronics,627.42
T00199,C0431,2022-04-19,Electronics,149.46
T00200,C0441,2020-05-29,Electronics,661.57
T00201,C0199,2020-07-20,Books,309.1
T00202,C0441,2021-07-22,Clothing,653.66
T00203,C0314,2022-09-14,Furniture,302.71
T00204,C0484,2023-08-13,Furniture,232.89
T00205,C0193,2022-10-28,Clothing,848.47
T00206,C0183,2023-04-06,Furniture,654.17
T00207,C0001,2023-06-03,Furniture,985.57
T00208,C0304,2022-03-17,Books,266.09
T00209,C0368,2021-06-24,Electronics,192.36
T00210,C0128,2021-04-10,Groceries,374.94
T00211,C0377,2020-09-05,Clothing,992.06
T00212,C0333,2020-01-02,Books,483.12
T00213,C0019,2020-10-25,Groceries,495.52
T00214,C0378,2021-12-27,Clothing,538.86
T00215,C0319,2020-11-29,Furniture,852.18
T00216,C0372,2021-04-16,Books,563.41
T00217,C0445,2021-02-23,Furniture,428.95
T00218,C0499,2021-12-19,Furniture,347.6
T00219,C0487,2021-01-01,Furniture,644.79
T00220,C0004,2021-11-14,Clothing,786.01
T00221,C0344,2021-11-12,Books,222.22
T00222,C0479,2020-11-11,Clothing,159.98
T00223,C0401,2020-05-05,Clothing,230.99
T00224,C0108,2021-04-20,Groceries,164.43
T00225,C0461,2020-02-18,Clothing,329.19
T00226,C0115,2020-10-12,Groceries,83.77
T00227,C0110,2023-12-04,Books,540.63
T00228,C0013,2023-05-02,Groceries,208.47
T00229,C0434,2021-06-06,Clothing,93.35
T00230,C0132,2022-04-23,Books,600.62
T00231,C0417,2021-10-04,Electronics,84.81
T00232,C0326,2023-06-06,Groceries,139.94
T00233,C0355,2020-05-08,Furniture,206.05
T00234,C0139,2021-06-14,Furniture,857.72
T00235,C0368,2023-07-19,Clothing,710.77
T00236,C0308,2020-07-27,Furniture,191.39
T00237,C0333,2020-02-21,Books,883.88
T00238,C0139,2020-11-22,Books,782.58
T00239,C0145,2022-07-04,Books,289.31
T00240,C0100,2022-06-18,Furniture,761.82
T00241,C0155,2023-12-05,Groceries,168.28
T00242,C0265,2022-08-15,Electronics,865.87
T00243,C0444,2020-07-16,Furniture,802.23
T00244,C0471,2020-08-29,Groceries,455.11
T00245,C0211,2021-04-16,Electronics,892.05
T00246,C0399,2022-11-29,Furniture,668.43
T00247,C0054,2023-09-17,Groceries,787.6
T00248,C0242,2022-08-31,Books,516.54
T00249,C0219,2022-09-25,Furniture,15.68
T00250,C0176,2020-06-20,Clothing,152.99
T00251,C0413,2022-09-29,Books,713.78
T00252,C0400,2021-12-09,Electronics,987.65
T00253,C0338,2022-06-12,Groceries,691.61
T00254,C0439,2023-05-23,Groceries,889.86
T00255,C0279,2023-02-21,Furniture,466.17
T00256,C0311,2023-04-07,Furniture,221.24
T00257,C0151,2023-10-25,Books,406.12
T00258,C0422,2021-11-09,Groceries,260.51
T00259,C0016,2022-08-12,Groceries,301.83
T00260,C0490,2021-04-12,Electronics,514.64
T00261,C0476,2022-11-28,Books,702.64
T00262,C0168,2022-06-25,Electronics,702.42
T00263,C0364,2022-02-02,Furniture,116.18
T00264,C0183,2020-09-29,Electronics,42.69
T00265,C0444,2021-08-21,Groceries,908.2
T00266,C0024,2021-12-28,Groceries,50.61
T00267,C0343,2021-04-24,Groceries,511.97
T00268,C0427,2023-12-05,Clothing,509.6
T00269,C0231,2022-07-02,Books,613.4
T00270,C0222,2020-08-03,Furniture,861.44
T00271,C0160,2021-11-24,Electronics,226.4
T00272,C0069,2023-07-03,Groceries,987.05
T00273,C0228,2022-02-18,Furniture,40.09
T00274,C0257,2021-01-28,Electronics,770.2
T00275,C0107,2020-01-17,Groceries,215.3
T00276,C0103,2021-10-15,Books,289.96
T00277,C0237,2021-12-01,Electronics,937.66
T00278,C0405,2021-11-15,Furniture,59.55
T00279,C0138,2021-04-13,Groceries,393.62
T00280,C0345,2020-05-12,Furniture,861.22
T00281,C0338,2020-11-22,Electronics,376.13
T00282,C0209,2021-05-21,Books,620.16
T00283,C0314,2020-06-26,Clothing,349.84
T00284,C0005,2022-03-27,Books,43.15
T00285,C0436,2021-12-04,Electronics,408.31
T00286,C0148,2023-06-16,Groceries,988.14
T00287,C0390,2023-04-06,Books,519.53
T00288,C0488,2021-08-10,Furniture,306.59
T00289,C0409,2021-08-29,Electronics,742.06
T00290,C0021,2023-09-26,Furniture,220.85
T00291,C0123,2023-04-08,Furniture,965.77
T00292,C0065,2020-04-16,Electronics,127.13
T00293,C0440,2022-05-19,Clothing,430.1
T00294,C0389,2020-04-24,Furniture,664.74
T00295,C0492,2020-10-05,Books,884.21
T00296,C0359,2023-12-28,Books,973.16
T00297,C0188,2023-02-26,Furniture,789.24
T00298,C0173,2022-06-20,Furniture,310.11
T00299,C0240,2021-12-12,Books,715.83
T00300,C0173,2022-08-21,Clothing,79.33
T00301,C0041,2020-05-12,Furniture,860.6
T00302,C0265,2022-12-22,Books,906.98
T00303,C0047,2021-05-25,Electronics,531.03
T00304,C0193,2020-07-15,Furniture,848.6
T00305,C0315,2021-11-13,Books,544.48
T00306,C0131,2021-08-15,Books,969.98
T00307,C0219,2020-08-17,Books,433.87
T00308,C0343,2022-04-05,Furniture,105.17
T00309,C0397,2020-11-16,Electronics,978.84
T00310,C0166,2021-03-10,Groceries,533.54
T00311,C0352,2022-04-11,Groceries,776.83
T00312,C0445,2022-10-03,Books,679.59
T00313,C0258,2020-07-25,Groceries,551.14
T00314,C0275,2023-08-14,Clothing,54.55
T00315,C0458,2023-02-14,Furniture,24.98
T00316,C0379,2021-10-20,Books,314.65
T00317,C0102,2021-03-21,Books,193.2
T00318,C0095,2021-12-19,Furniture,733.57
T00319,C0299,2020-01-13,Groceries,97.9
T00320,C0326,2020-08-02,Furniture,795.85
T00321,C0360,2021-06-27,Groceries,552.2
T00322,C0368,2022-03-12,Books,957.14
T00323,C0205,2021-01-08,Electronics,728.64
T00324,C0275,2020-02-05,Books,557.14
T00325,C0355,2023-05-27,Books,743.11
T00326,C0342,2022-05-05,Books,209.93
T00327,C0272,2022-07-12,Furniture,634.83
T00328,C0099,2020-05-10,Electronics,800.35
T00329,C0103,2020-02-07,Electronics,754.67
T00330,C0125,2020-07-09,Groceries,237.69
T00331,C0420,2020-10-29,Groceries,668.62
T00332,C0031,2022-12-12,Books,803.55
T00333,C0331,2023-09-14,Clothing,699.8
T00334,C0417,2023-09-03,Clothing,851.28
T00335,C0117,2022-04-12,Electronics,362.55
T00336,C0489,2021-07-27,Furniture,386.56
T00337,C0408,2022-12-20,Furniture,554.06
T00338,C0239,2022-06-09,Books,568.62
T00339,C0064,2022-12-23,Electronics,970.13
T00340,C0324,2021-04-18,Clothing,628.71
T00341,C0188,2022-10-08,Books,386.95
T00342,C0141,2023-07-05,Furniture,76.91
T00343,C0268,2022-08-22,Electronics,916.88
T00344,C0495,2023-10-12,Books,528.15
T00345,C0302,2021-12-10,Clothing,287.12
T00346,C0315,2022-09-18,Books,115.74
T00347,C0011,2022-12-31,Electronics,745.56
T00348,C0108,2022-08-26,Groceries,867.95
T00349,C0143,2021-12-08,Furniture,669.76
T00350,C0001,2022-06-06,Furniture,232.58
T00351,C0284,2023-03-21,Groceries,434.69
T00352,C0122,2020-08-06,Electronics,601.32
T00353,C0167,2022-07-09,Electronics,18.52
T00354,C0263,2020-09-10,Clothing,114.95
T00355,C0304,2022-10-25,Books,962.91
T00356,C0125,2022-05-03,Electronics,988.83
T00357,C0085,2022-03-16,Clothing,310.51
T00358,C0160,2021-06-27,Books,50.44
T00359,C0415,2023-01-05,Clothing,887.61
T00360,C0013,2021-12-27,Electronics,647.27
T00361,C0033,2021-04-30,Electronics,207.59
T00362,C0146,2022-01-02,Electronics,138.68
T00363,C0440,2021-05-28,Clothing,470.74
T00364,C0297,2023-01-09,Furniture,110.61
T00365,C0053,2023-02-20,Electronics,823.45
T00366,C0043,2022-03-14,Electronics,860.48
T00367,C0204,2021-09-27,Books,242.98
T00368,C0473,2021-09-27,Electronics,616.43
T00369,C0234,2023-06-27,Clothing,471.43
T00370,C0050,2020-01-07,Furniture,436.18
T00371,C0472,2021-03-13,Electronics,551.65
T00372,C0376,2022-03-24,Groceries,346.96
T00373,C0494,2020-05-23,Furniture,314.21
T00374,C0365,2022-11-09,Groceries,608.43
T00375,C0415,2021-11-13,Furniture,560.19
T00376,C0017,2021-09-23,Books,348.36
T00377,C0145,2023-05-30,Electronics,205.9
T00378,C0335,2023-11-17,Clothing,812.68
T00379,C0368,2020-12-25,Electronics,207.05
T00380,C0275,2022-07-17,Clothing,725.49
T00381,C0196,2020-02-23,Groceries,770.75
T00382,C0021,2022-09-21,Clothing,403.15
T00383,C0299,2021-10-30,Electronics,430.07
T00384,C0477,2020-04-30,Electronics,873.24
T00385,C0293,2022-09-20,Groceries,435.21
T00386,C0477,2023-04-20,Groceries,151.92
T00387,C0492,2020-04-25,Books,175.15
T00388,C0331,2021-07-14,Electronics,730.7
T00389,C0049,2023-06-20,Books,110.38
T00390,C0340,2023-09-15,Clothing,261.64
T00391,C0032,2022-03-09,Electronics,443.34
T00392,C0202,2020-02-27,Furniture,923.63
T00393,C0107,2020-07-25,Furniture,430.04
T00394,C0436,2020-02-27,Groceries,139.73
T00395,C0201,2023-05-03,Books,361.43
T00396,C0322,2023-01-25,Clothing,19.84
T00397,C0341,2021-06-15,Furniture,19.71
T00398,C0403,2022-12-04,Clothing,356.62
T00399,C0081,2022-08-01,Furniture,394.72
T00400,C0161,2021-02-26,Clothing,903.81
T00401,C0393,2022-09-21,Groceries,727.58
T00402,C0150,2020-10-21,Electronics,209.39
T00403,C0144,2022-11-06,Clothing,60.33
T00404,C0310,2020-10-07,Books,922.23
T00405,C0107,2020-01-04,Books,572.62
T00406,C0381,2023-08-09,Clothing,970.21
T00407,C0477,2021-03-15,Electronics,972.77
T00408,C0165,2020-04-16,Electronics,505.26
T00409,C0007,2023-07-11,Furniture,528.43
T00410,C0214,2023-05-18,Electronics,874.33
T00411,C0167,2021-03-18,Books,42.04
T00412,C0377,2020-05-16,Books,387.65
T00413,C0132,2021-03-16,Electronics,882.01
T00414,C0427,2023-03-06,Furniture,286.69
T00415,C0433,2022-04-05,Furniture,901.68
T00416,C0357,2023-02-21,Furniture,63.01
T00417,C0349,2020-07-16,Electronics,895.66
T00418,C0460,2022-04-30,Books,29.72
T00419,C0275,2023-08-04,Clothing,422.85
T00420,C0287,2020-07-05,Clothing,543.51
T00421,C0233,2023-08-10,Furniture,944.73
T00422,C0357,2022-10-23,Books,98.22
T00423,C0205,2021-03-22,Furniture,682.0
T00424,C0472,2021-01-26,Groceries,955.22
T00425,C0171,2021-04-07,Groceries,649.59
T00426,C0456,2022-06-12,Electronics,360.32
T00427,C0300,2021-11-25,Furniture,769.59
T00428,C0367,2021-05-12,Electronics,677.18
T00429,C0459,2021-06-15,Furniture,745.42
T00430,C0333,2022-10-10,Electronics,403.64
T00431,C0404,2022-08-03,Furniture,203.92
T00432,C0213,2021-11-14,Books,760.33
T00433,C0184,2023-01-05,Clothing,547.28
T00434,C0040,2023-10-20,Electronics,526.32
T00435,C0394,2020-02-25,Groceries,418.31
T00436,C0003,2020-03-16,Electronics,995.82
T00437,C0040,2022-03-28,Furniture,950.61
T00438,C0090,2020-10-31,Clothing,387.92
T00439,C0324,2022-09-27,Clothing,845.25
T00440,C0027,2022-11-02,Books,414.52
T00441,C0481,2020-01-13,Groceries,421.55
T00442,C0336,2022-10-11,Electronics,65.81
T00443,C0269,2022-05-10,Clothing,220.16
T00444,C0366,2020-06-16,Groceries,832.72
T00445,C0210,2022-02-10,Electronics,282.45
T00446,C0347,2022-11-29,Books,534.84
T00447,C0046,2021-02-08,Electronics,653.89
T00448,C0097,2022-09-29,Books,423.88
T00449,C0061,2022-03-23,Clothing,240.82
T00450,C0195,2021-03-13,Books,772.65
T00451,C0394,2021-02-11,Furniture,632.41
T00452,C0353,2020-07-13,Furniture,916.09
T00453,C0282,2020-01-25,Clothing,534.01
T00454,C0164,2023-09-26,Groceries,84.38
T00455,C0321,2022-05-14,Clothing,355.46
T00456,C0097,2021-02-26,Books,118.17
T00457,C0464,2023-03-07,Furniture,132.48
T00458,C0470,2021-08-10,Clothing,607.65
T00459,C0318,2020-12-19,Electronics,483.85
T00460,C0121,2021-07-13,Electronics,421.48
T00461,C0278,2020-11-21,Furniture,263.1
T00462,C0171,2023-08-24,Electronics,186.6
T00463,C0340,2023-11-02,Clothing,409.46
T00464,C0071,2022-08-18,Furniture,294.45
T00465,C0171,2022-03-01,Electronics,587.85
T00466,C0361,2023-09-26,Books,462.45
T00467,C0377,2020-01-19,Clothing,26.44
T00468,C0214,2020-09-10,Clothing,780.37
T00469,C0447,2020-02-23,Electronics,66.5
T00470,C0162,2020-02-29,Groceries,708.66
T00471,C0305,2020-08-11,Furniture,680.45
T00472,C0071,2022-12-25,Groceries,213.07
T00473,C0405,2020-12-14,Clothing,486.82
T00474,C0001,2022-05-05,Books,737.49
T00475,C0273,2020-12-23,Books,134.26
T00476,C0474,2021-10-13,Furniture,581.65
T00477,C0226,2021-03-30,Groceries,529.21
T00478,C0299,2021-04-07,Furniture,665.26
T00479,C0182,2021-10-10,Electronics,466.53
T00480,C0427,2023-07-02,Clothing,469.79
T00481,C0492,2020-08-05,Groceries,715.21
T00482,C0321,2020-08-01,Groceries,394.37
T00483,C0431,2022-03-07,Books,743.98
T00484,C0179,2023-04-06,Furniture,761.84
T00485,C0381,2023-07-10,Clothing,825.38
T00486,C0081,2022-12-30,Books,280.11
T00487,C0049,2021-12-12,Clothing,808.3
T00488,C0047,2022-05-17,Furniture,843.51
T00489,C0047,2022-04-25,Furniture,229.55
T00490,C0290,2023-02-05,Books,920.93
T00491,C0437,2023-05-28,Electronics,480.09
T00492,C0231,2020-12-09,Groceries,15.8
T00493,C0061,2020-10-16,Furniture,922.5
T00494,C0443,2021-05-03,Groceries,33.29
T00495,C0307,2021-06-20,Clothing,57.17
T00496,C0022,2022-08-11,Electronics,155.6
T00497,C0254,2020-06-23,Clothing,921.55
T00498,C0331,2022-01-01,Clothing,13.59
T00499,C0380,2023-03-24,Furniture,607.12
T00500,C0227,2021-12-02,Furniture,284.87
T00501,C0397,2023-09-10,Books,856.91
T00502,C0473,2022-07-18,Furniture,498.35
T00503,C0495,2022-08-23,Groceries,788.19
T00504,C0261,2022-04-08,Groceries,942.42
T00505,C0177,2023-05-06,Groceries,829.59
T00506,C0182,2022-02-06,Groceries,506.37
T00507,C0271,2023-11-18,Clothing,471.98
T00508,C0043,2022-11-04,Groceries,812.75
T00509,C0122,2020-12-08,Electronics,145.33
T00510,C0261,2022-02-15,Electronics,639.52
T00511,C0487,2023-03-28,Electronics,774.75
T00512,C0278,2021-06-19,Books,521.14
T00513,C0065,2021-11-08,Groceries,678.21
T00514,C0309,2020-09-12,Groceries,380.27
T00515,C0111,2022-07-17,Furniture,921.3
T00516,C0403,2023-08-26,Clothing,641.02
T00517,C0254,2020-09-11,Electronics,367.74
T00518,C0149,2022-01-28,Groceries,89.4
T00519,C0365,2020-05-07,Clothing,521.81
T00520,C0373,2023-06-25,Clothing,488.0
T00521,C0176,2023-11-07,Groceries,985.37
T00522,C0146,2023-07-07,Groceries,244.37
T00523,C0008,2021-10-25,Clothing,739.06
T00524,C0104,2020-05-31,Groceries,959.12
T00525,C0074,2023-01-09,Groceries,823.57
T00526,C0129,2021-07-17,Clothing,347.73
T00527,C0491,2022-08-19,Groceries,426.58
T00528,C0391,2023-12-05,Electronics,184.02
T00529,C0357,2022-12-04,Furniture,958.94
T00530,C0044,2020-09-09,Furniture,47.43
T00531,C0474,2020-08-27,Electronics,772.01
T00532,C0294,2022-04-06,Electronics,337.58
T00533,C0051,2022-03-30,Electronics,280.85
T00534,C0450,2023-06-05,Furniture,880.55
T00535,C0498,2021-04-11,Furniture,559.27
T00536,C0097,2020-08-29,Groceries,35.29
T00537,C0357,2020-01-08,Books,219.37
T00538,C0386,2020-09-23,Books,662.69
T00539,C0477,2023-08-03,Furniture,639.11
T00540,C0397,2023-01-31,Clothing,104.92
T00541,C0337,2022-06-30,Groceries,567.33
T00542,C0086,2023-07-26,Electronics,629.54
T00543,C0357,2023-01-12,Clothing,44.02
T00544,C0089,2022-08-25,Electronics,818.51
T00545,C0426,2023-03-30,Books,136.45
T00546,C0294,2023-11-01,Furniture,124.53
T00547,C0022,2020-04-02,Groceries,886.79
T00548,C0321,2021-10-01,Clothing,518.14
T00549,C0258,2023-08-21,Books,644.69
T00550,C0305,2020-03-31,Groceries,784.95
T00551,C0110,2020-05-15,Electronics,664.12
T00552,C0409,2023-01-23,Clothing,132.14
T00553,C0332,2022-08-15,Furniture,854.99
T00554,C0194,2020-04-21,Groceries,656.05
T00555,C0223,2021-05-23,Books,447.89
T00556,C0070,2021-03-08,Electronics,535.26
T00557,C0329,2022-12-17,Books,784.63
T00558,C0100,2022-11-02,Furniture,505.93
T00559,C0156,2022-07-09,Groceries,555.85
T00560,C0229,2022-05-16,Books,183.97
T00561,C0370,2022-12-21,Books,308.25
T00562,C0068,2021-08-21,Books,927.88
T00563,C0085,2020-02-22,Electronics,569.69
T00564,C0035,2023-05-01,Electronics,742.51
T00565,C0170,2022-03-23,Books,277.12
T00566,C0176,2022-09-29,Books,70.08
T00567,C0119,2020-08-29,Groceries,318.24
T00568,C0207,2022-01-11,Furniture,519.64
T00569,C0425,2021-09-26,Clothing,822.73
T00570,C0096,2021-02-28,Furniture,810.96
T00571,C0374,2023-07-01,Groceries,204.57
T00572,C0016,2021-04-14,Electronics,579.24
T00573,C0341,2020-02-19,Furniture,838.16
T00574,C0283,2021-01-21,Clothing,809.09
T00575,C0396,2021-11-08,Furniture,558.75
T00576,C0178,2020-10-18,Books,57.77
T00577,C0403,2023-04-23,Electronics,645.0
T00578,C0382,2022-04-01,Groceries,102.62
T00579,C0307,2020-06-04,Electronics,124.41
T00580,C0285,2020-04-21,Electronics,855.87
T00581,C0015,2023-02-23,Books,506.58
T00582,C0475,2023-08-17,Clothing,181.46
T00583,C0450,2022-03-24,Clothing,401.32
T00584,C0460,2023-11-14,Clothing,75.42
T00585,C0497,2021-12-28,Clothing,948.19
T00586,C0161,2022-12-19,Groceries,905.44
T00587,C0205,2023-09-26,Furniture,267.13
T00588,C0330,2022-01-06,Clothing,487.11
T00589,C0010,2023-02-19,Furniture,846.67
T00590,C0299,2022-04-28,Groceries,204.8
T00591,C0483,2020-06-26,Clothing,942.91
T00592,C0469,2023-01-01,Clothing,427.39
T00593,C0178,2023-10-23,Groceries,481.05
T00594,C0130,2021-11-07,Clothing,56.03
T00595,C0130,2021-03-07,Books,239.91
T00596,C0417,2023-08-29,Clothing,847.66
T00597,C0154,2021-10-28,Groceries,208.48
T00598,C0074,2021-03-03,Books,135.71
T00599,C0249,2021-05-08,Electronics,102.61
T00600,C0170,2021-02-23,Clothing,490.89
T00601,C0319,2022-08-10,Clothing,399.98
T00602,C0380,2020-02-27,Clothing,314.68
T00603,C0176,2021-06-14,Electronics,66.95
T00604,C0358,2023-12-03,Furniture,692.99
T00605,C0337,2021-06-12,Clothing,174.26
T00606,C0011,2020-10-15,Furniture,820.26
T00607,C0183,2023-12-25,Furniture,98.37
T00608,C0226,2022-12-05,Electronics,943.83
T00609,C0279,2021-06-09,Books,289.29
T00610,C0076,2021-03-14,Clothing,965.58
T00611,C0411,2022-08-24,Books,185.38
T00612,C0145,2021-04-26,Groceries,46.4
T00613,C0316,2022-08-07,Furniture,197.39
T00614,C0366,2023-01-08,Furniture,482.41
T00615,C0007,2020-07-31,Books,211.52
T00616,C0131,2020-01-29,Books,218.59
T00617,C0211,2021-11-01,Books,724.9
T00618,C0348,2022-10-17,Electronics,236.29
T00619,C0328,2022-02-19,Books,37.7
T00620,C0077,2021-06-19,Books,810.6
T00621,C0195,2023-12-05,Books,898.87
T00622,C0296,2021-07-29,Groceries,12.93
T00623,C0429,2022-11-04,Clothing,93.92
T00624,C0148,2022-12-23,Groceries,453.91
T00625,C0071,2021-09-20,Furniture,938.39
T00626,C0391,2021-03-24,Groceries,478.66
T00627,C0415,2023-08-25,Electronics,315.35
T00628,C0145,2021-05-25,Books,46.7
T00629,C0350,2021-03-31,Furniture,175.9
T00630,C0082,2021-03-18,Furniture,489.05
T00631,C0408,2021-03-05,Clothing,99.81
T00632,C0033,2020-06-22,Groceries,913.61
T00633,C0332,2021-07-29,Clothing,956.38
T00634,C0271,2020-02-25,Clothing,332.11
T00635,C0292,2023-10-12,Electronics,210.09
T00636,C0423,2020-08-30,Furniture,516.24
T00637,C0342,2021-03-31,Clothing,200.51
T00638,C0188,2020-01-24,Groceries,499.78
T00639,C0163,2021-07-30,Books,854.36
T00640,C0364,2023-04-15,Groceries,337.69
T00641,C0294,2020-09-04,Clothing,441.0
T00642,C0276,2023-12-31,Furniture,466.74
T00643,C0246,2021-09-11,Electronics,795.88
T00644,C0462,2022-11-04,Furniture,762.43
T00645,C0194,2020-09-12,Furniture,361.21
T00646,C0055,2021-08-14,Furniture,215.04
T00647,C0095,2022-06-03,Furniture,683.83
T00648,C0205,2023-03-12,Books,676.74
T00649,C0461,2023-05-14,Furniture,183.56
T00650,C0286,2022-03-08,Books,455.51
T00651,C0229,2023-06-13,Books,345.07
T00652,C0256,2020-07-05,Groceries,229.08
T00653,C0446,2022-02-06,Groceries,864.61
T00654,C0152,2021-04-30,Groceries,709.79
T00655,C0289,2020-06-09,Groceries,553.17
T00656,C0396,2023-05-31,Furniture,823.34
T00657,C0275,2020-12-22,Books,515.25
T00658,C0139,2021-07-24,Furniture,549.86
T00659,C0408,2022-07-13,Groceries,189.69
T00660,C0003,2023-11-19,Furniture,355.84
T00661,C0086,2022-07-29,Furniture,966.7
T00662,C0391,2023-03-20,Electronics,353.73
T00663,C0116,2020-11-28,Groceries,844.72
T00664,C0464,2022-06-21,Groceries,838.04
T00665,C0310,2023-11-21,Electronics,434.2
T00666,C0207,2022-07-08,Books,372.17
T00667,C0260,2020-12-01,Clothing,347.71
T00668,C0388,2022-05-21,Furniture,124.86
T00669,C0422,2021-07-02,Electronics,743.08
T00670,C0366,2023-05-25,Groceries,98.75
T00671,C0050,2022-09-23,Furniture,493.57
T00672,C0175,2023-10-13,Electronics,670.97
T00673,C0233,2021-09-24,Groceries,878.82
T00674,C0314,2021-10-13,Furniture,956.63
T00675,C0482,2021-02-03,Electronics,81.49
T00676,C0102,2023-01-09,Furniture,193.3
T00677,C0378,2020-01-06,Books,789.57
T00678,C0218,2022-03-12,Groceries,588.92
T00679,C0382,2022-06-22,Furniture,599.53
T00680,C0189,2021-04-24,Furniture,289.59
T00681,C0191,2021-03-30,Electronics,824.98
T00682,C0092,2021-07-09,Groceries,177.46
T00683,C0197,2020-01-03,Furniture,818.16
T00684,C0280,2023-11-18,Clothing,738.48
T00685,C0195,2023-02-27,Books,577.7
T00686,C0220,2021-07-03,Furniture,112.79
T00687,C0221,2022-04-18,Groceries,701.43
T00688,C0479,2020-12-05,Groceries,260.46
T00689,C0118,2021-03-16,Clothing,735.42
T00690,C0175,2023-08-21,Clothing,582.68
T00691,C0417,2020-07-04,Electronics,956.41
T00692,C0232,2022-06-13,Groceries,804.15
T00693,C0214,2022-05-19,Furniture,795.19
T00694,C0376,2020-05-18,Clothing,121.06
T00695,C0475,2021-04-13,Electronics,624.32
T00696,C0130,2023-07-14,Books,164.37
T00697,C0325,2023-01-13,Electronics,863.81
T00698,C0060,2020-12-30,Clothing,162.58
T00699,C0409,2021-08-24,Clothing,789.36
T00700,C0146,2021-05-14,Clothing,151.47
T00701,C0087,2021-12-11,Clothing,841.93
T00702,C0015,2021-06-02,Groceries,390.01
T00703,C0242,2020-01-30,Furniture,257.54
T00704,C0171,2021-02-09,Electronics,627.19
T00705,C0105,2020-03-21,Clothing,163.54
T00706,C0400,2023-02-19,Books,780.79
T00707,C0329,2020-08-10,Clothing,905.54
T00708,C0051,2021-02-01,Groceries,90.07
T00709,C0077,2020-03-22,Groceries,442.41
T00710,C0479,2022-04-17,Furniture,426.51
T00711,C0391,2023-08-02,Groceries,135.14
T00712,C0350,2020-01-22,Books,12.76
T00713,C0146,2021-01-12,Clothing,138.13
T00714,C0170,2022-03-28,Furniture,714.58
T00715,C0304,2023-06-04,Clothing,776.12
T00716,C0484,2022-09-07,Electronics,576.31
T00717,C0104,2022-12-27,Clothing,114.85
T00718,C0156,2020-01-03,Groceries,925.66
T00719,C0456,2021-04-04,Electronics,983.97
T00720,C0043,2021-12-04,Clothing,438.21
T00721,C0163,2020-10-10,Electronics,893.77
T00722,C0187,2021-12-13,Clothing,263.9
T00723,C0070,2021-11-18,Clothing,180.8
T00724,C0315,2021-05-13,Furniture,114.74
T00725,C0252,2023-11-29,Furniture,420.23
T00726,C0149,2023-07-19,Books,960.21
T00727,C0195,2020-04-05,Clothing,57.35
T00728,C0143,2021-12-31,Electronics,877.65
T00729,C0235,2022-05-02,Furniture,99.76
T00730,C0224,2023-03-26,Electronics,149.71
T00731,C0023,2020-10-21,Groceries,513.19
T00732,C0449,2022-03-22,Electronics,351.64
T00733,C0261,2022-10-03,Electronics,761.69
T00734,C0226,2020-07-08,Furniture,696.35
T00735,C0108,2022-08-06,Furniture,343.69
T00736,C0008,2023-12-15,Electronics,209.99
T00737,C0370,2023-02-05,Furniture,663.14
T00738,C0317,2022-10-22,Books,573.19
T00739,C0454,2021-08-10,Furniture,574.7
T00740,C0190,2022-09-10,Furniture,45.43
T00741,C0030,2022-11-16,Books,361.4
T00742,C0260,2022-10-20,Groceries,849.61
T00743,C0143,2022-11-26,Groceries,609.89
T00744,C0331,2022-08-10,Clothing,106.44
T00745,C0466,2021-02-12,Furniture,836.7
T00746,C0343,2020-03-22,Furniture,692.92
T00747,C0347,2023-11-24,Clothing,313.18
T00748,C0435,2022-09-15,Clothing,529.87
T00749,C0453,2023-07-24,Clothing,486.32
T00750,C0292,2023-02-04,Clothing,479.94
T00751,C0421,2020-02-12,Electronics,727.86
T00752,C0327,2020-10-24,Groceries,200.09
T00753,C0429,2020-03-29,Furniture,936.41
T00754,C0295,2020-05-15,Clothing,954.5
T00755,C0350,2020-08-17,Furniture,515.84
T00756,C0489,2021-05-07,Groceries,969.45
T00757,C0159,2020-09-15,Electronics,668.36
T00758,C0282,2020-02-29,Furniture,551.62
T00759,C0418,2020-07-04,Furniture,538.12
T00760,C0075,2021-08-23,Groceries,579.51
T00761,C0136,2020-01-03,Groceries,677.2
T00762,C0200,2022-03-06,Electronics,843.41
T00763,C0236,2022-11-08,Electronics,48.0
T00764,C0394,2020-01-02,Electronics,829.68
T00765,C0139,2023-05-23,Books,82.77
T00766,C0075,2020-02-05,Clothing,452.07
T00767,C0470,2021-01-28,Clothing,281.07
T00768,C0311,2023-12-02,Clothing,18.26
T00769,C0012,2021-05-26,Clothing,185.32
T00770,C0222,2021-11-04,Books,211.16
T00771,C0097,2022-05-06,Furniture,479.46
T00772,C0455,2023-02-11,Electronics,26.22
T00773,C0197,2022-01-05,Groceries,766.91
T00774,C0020,2023-06-17,Furniture,780.3
T00775,C0412,2021-09-01,Furniture,983.16
T00776,C0199,2021-11-12,Electronics,986.15
T00777,C0069,2021-06-12,Electronics,911.1
T00778,C0338,2023-02-22,Groceries,87.88
T00779,C0023,2022-05-08,Clothing,556.65
T00780,C0426,2020-06-13,Books,508.28
T00781,C0458,2020-07-01,Clothing,226.05
T00782,C0173,2023-09-29,Furniture,198.11
T00783,C0010,2020-01-12,Groceries,197.82
T00784,C0370,2021-03-13,Furniture,289.01
T00785,C0193,2020-05-23,Furniture,23.74
T00786,C0021,2022-08-17,Electronics,706.58
T00787,C0118,2021-06-01,Books,963.99
T00788,C0359,2022-08-22,Clothing,553.78
T00789,C0469,2021-04-01,Furniture,318.24
T00790,C0001,2021-11-27,Groceries,55.68
T00791,C0131,2021-03-29,Groceries,205.07
T00792,C0080,2021-05-22,Books,650.39
T00793,C0394,2020-07-12,Clothing,628.05
T00794,C0490,2023-05-28,Books,839.05
T00795,C0174,2021-08-07,Clothing,830.65
T00796,C0436,2023-12-19,Groceries,71.03
T00797,C0129,2022-04-28,Books,644.19
T00798,C0348,2021-12-06,Groceries,313.3
T00799,C0236,2020-09-05,Clothing,144.09
T00800,C0360,2020-02-13,Books,288.79
T00801,C0259,2022-06-07,Clothing,380.69
T00802,C0467,2020-08-21,Groceries,886.71
T00803,C0460,2022-06-20,Clothing,902.23
T00804,C0166,2023-07-06,Clothing,822.72
T00805,C0073,2021-01-21,Clothing,310.03
T00806,C0392,2022-06-16,Electronics,12.05
T00807,C0049,2021-03-03,Groceries,768.21
T00808,C0085,2020-06-19,Electronics,485.44
T00809,C0157,2023-08-03,Clothing,784.41
T00810,C0386,2020-07-08,Books,109.87
T00811,C0425,2021-05-17,Furniture,991.25
T00812,C0365,2020-02-28,Clothing,473.69
T00813,C0360,2020-12-17,Books,42.12
T00814,C0070,2021-03-26,Groceries,15.18
T00815,C0164,2021-08-31,Books,947.57
T00816,C0169,2020-03-19,Furniture,446.44
T00817,C0123,2020-10-15,Clothing,398.21
T00818,C0481,2023-11-15,Furniture,117.24
T00819,C0110,2021-03-10,Furniture,948.75
T00820,C0257,2020-04-30,Books,885.1
T00821,C0151,2021-09-02,Furniture,460.85
T00822,C0494,2022-05-14,Books,780.33
T00823,C0407,2023-03-03,Clothing,72.32
T00824,C0181,2022-03-31,Electronics,872.6
T00825,C0136,2020-10-04,Furniture,869.61
T00826,C0082,2022-06-03,Electronics,795.06
T00827,C0049,2021-11-10,Clothing,238.77
T00828,C0027,2023-02-21,Furniture,760.11
T00829,C0387,2020-08-04,Electronics,933.57
T00830,C0498,2020-06-13,Books,333.36
T00831,C0215,2022-02-04,Furniture,744.85
T00832,C0194,2021-03-31,Furniture,517.49
T00833,C0475,2022-01-18,Furniture,316.76
T00834,C0215,2022-02-19,Furniture,542.14
T00835,C0006,2020-01-20,Books,240.04
T00836,C0413,2020-01-04,Groceries,712.23
T00837,C0364,2022-07-10,Electronics,978.37
T00838,C0138,2020-01-19,Books,533.54
T00839,C0006,2023-05-09,Electronics,579.3
T00840,C0467,2023-02-21,Books,754.53
T00841,C0217,2020-01-16,Groceries,25.32
T00842,C0321,2023-07-26,Electronics,692.67
T00843,C0324,2022-04-14,Clothing,220.65
T00844,C0095,2023-09-29,Furniture,804.45
T00845,C0198,2022-04-02,Clothing,386.24
T00846,C0039,2020-10-17,Books,298.79
T00847,C0356,2022-10-23,Books,377.74
T00848,C0361,2021-07-24,Books,340.9
T00849,C0157,2021-11-29,Furniture,636.57
T00850,C0004,2023-11-28,Groceries,619.6
T00851,C0247,2023-08-04,Clothing,638.18
T00852,C0177,2021-09-11,Electronics,286.85
T00853,C0243,2021-04-19,Books,241.82
T00854,C0496,2022-08-30,Furniture,823.63
T00855,C0111,2021-01-18,Groceries,245.94
T00856,C0390,2020-01-06,Books,172.39
T00857,C0004,2022-06-28,Books,193.71
T00858,C0105,2023-07-22,Clothing,176.61
T00859,C0405,2020-10-02,Clothing,774.77
T00860,C0045,2023-12-07,Books,310.01
T00861,C0346,2020-02-12,Groceries,35.18
T00862,C0128,2022-02-16,Groceries,723.02
T00863,C0153,2021-08-19,Electronics,252.03
T00864,C0078,2022-11-29,Electronics,19.91
T00865,C0038,2021-11-24,Books,864.39
T00866,C0070,2021-09-01,Clothing,314.48
T00867,C0346,2023-11-25,Electronics,209.78
T00868,C0181,2020-05-31,Groceries,873.5
T00869,C0297,2021-12-12,Clothing,942.19
T00870,C0189,2021-03-09,Groceries,246.36
T00871,C0301,2023-10-24,Furniture,438.5
T00872,C0420,2023-12-02,Clothing,902.49
T00873,C0151,2022-08-12,Books,876.67
T00874,C0076,2020-10-09,Furniture,758.57
T00875,C0404,2021-04-19,Clothing,537.71
T00876,C0330,2022-05-24,Clothing,630.85
T00877,C0071,2023-01-21,Clothing,417.5
T00878,C0033,2020-10-17,Furniture,352.82
T00879,C0154,2021-04-03,Furniture,332.04
T00880,C0235,2021-05-05,Electronics,483.75
T00881,C0436,2020-08-08,Furniture,106.89
T00882,C0354,2020-10-29,Furniture,625.2
T00883,C0097,2022-01-04,Electronics,691.06
T00884,C0087,2020-09-20,Furniture,167.65
T00885,C0285,2021-12-22,Books,451.82
T00886,C0221,2021-04-18,Groceries,848.96
T00887,C0024,2021-11-17,Electronics,24.45
T00888,C0264,2022-08-08,Electronics,222.08
T00889,C0317,2021-01-13,Furniture,756.61
T00890,C0204,2021-11-03,Clothing,820.44
T00891,C0034,2023-11-25,Books,658.67
T00892,C0376,2023-12-12,Clothing,352.03
T00893,C0268,2020-06-25,Furniture,776.09
T00894,C0298,2020-11-28,Books,225.29
T00895,C0061,2022-01-30,Electronics,351.04
T00896,C0197,2020-03-07,Clothing,47.65
T00897,C0028,2023-10-04,Furniture,253.69
T00898,C0145,2020-07-02,Clothing,357.34
T00899,C0068,2023-07-10,Electronics,55.67
T00900,C0124,2022-05-31,Clothing,271.9
T00901,C0473,2023-09-11,Clothing,497.73
T00902,C0381,2020-04-03,Books,955.76
T00903,C0196,2023-02-11,Groceries,574.56
T00904,C0136,2023-12-08,Clothing,747.0
T00905,C0234,2020-02-06,Furniture,942.43
T00906,C0487,2021-10-27,Furniture,10.68
T00907,C0234,2023-03-17,Books,895.85
T00908,C0392,2022-04-19,Electronics,460.24
T00909,C0022,2021-05-03,Books,905.44
T00910,C0137,2020-01-08,Groceries,750.2
T00911,C0008,2020-12-11,Clothing,855.4
T00912,C0444,2021-05-14,Groceries,897.84
T00913,C0228,2020-08-06,Furniture,935.34
T00914,C0324,2021-06-07,Electronics,61.36
T00915,C0392,2020-02-28,Clothing,756.46
T00916,C0148,2020-11-21,Clothing,907.25
T00917,C0359,2021-10-30,Furniture,707.77
T00918,C0323,2021-04-30,Electronics,806.94
T00919,C0273,2023-06-26,Groceries,253.39
T00920,C0317,2020-01-15,Electronics,661.22
T00921,C0380,2020-02-05,Electronics,968.26
T00922,C0336,2020-02-24,Furniture,936.88
T00923,C0256,2020-05-27,Books,727.17
T00924,C0082,2022-12-19,Electronics,841.31
T00925,C0461,2022-04-25,Books,388.22
T00926,C0423,2022-09-30,Electronics,154.35
T00927,C0324,2023-12-09,Groceries,744.47
T00928,C0484,2023-09-29,Groceries,72.11
T00929,C0286,2023-03-21,Electronics,424.88
T00930,C0084,2021-04-08,Clothing,906.62
T00931,C0060,2020-05-19,Electronics,201.54
T00932,C0250,2022-11-15,Furniture,163.8
T00933,C0333,2023-10-05,Clothing,797.11
T00934,C0009,2020-04-23,Furniture,557.26
T00935,C0368,2023-04-21,Groceries,957.99
T00936,C0348,2022-10-21,Groceries,836.67
T00937,C0368,2023-06-22,Electronics,83.68
T00938,C0337,2022-02-02,Clothing,649.91
T00939,C0219,2020-12-12,Electronics,49.18
T00940,C0494,2022-08-30,Furniture,849.21
T00941,C0156,2023-07-27,Groceries,362.74
T00942,C0007,2020-05-02,Books,187.51
T00943,C0368,2021-02-26,Electronics,494.4
T00944,C0431,2020-05-04,Books,930.85
T00945,C0319,2021-09-08,Books,838.66
T00946,C0085,2022-12-22,Furniture,681.98
T00947,C0464,2023-01-08,Clothing,620.36
T00948,C0258,2022-09-03,Books,774.64
T00949,C0128,2021-05-16,Groceries,747.68
T00950,C0481,2021-03-24,Electronics,723.89
T00951,C0058,2022-11-13,Furniture,289.8
T00952,C0303,2020-11-12,Groceries,442.63
T00953,C0137,2021-04-28,Clothing,349.02
T00954,C0298,2023-05-09,Electronics,213.0
T00955,C0452,2021-11-11,Electronics,221.6
T00956,C0151,2023-03-19,Clothing,395.35
T00957,C0180,2023-11-26,Books,699.0
T00958,C0173,2021-10-25,Books,66.18
T00959,C0376,2023-05-21,Furniture,888.74
T00960,C0338,2020-01-15,Groceries,918.65
T00961,C0200,2021-06-22,Groceries,604.15
T00962,C0174,2021-05-23,Groceries,682.48
T00963,C0475,2020-11-12,Books,495.08
T00964,C0204,2021-06-22,Furniture,721.86
T00965,C0491,2020-01-22,Clothing,463.65
T00966,C0251,2020-10-10,Furniture,926.1
T00967,C0120,2022-01-13,Furniture,950.46
T00968,C0236,2020-04-09,Groceries,642.91
T00969,C0485,2020-08-11,Clothing,527.83
T00970,C0466,2023-04-17,Groceries,564.62
T00971,C0043,2021-02-01,Groceries,842.61
T00972,C0249,2022-08-04,Groceries,748.86
T00973,C0307,2022-02-14,Furniture,273.2
T00974,C0478,2023-06-30,Clothing,275.98
T00975,C0352,2020-06-23,Books,738.33
T00976,C0428,2021-06-01,Groceries,159.16
T00977,C0390,2023-07-21,Clothing,447.45
T00978,C0308,2022-03-19,Furniture,145.42
T00979,C0293,2022-12-01,Groceries,785.89
T00980,C0371,2022-02-19,Furniture,220.67
T00981,C0311,2022-10-06,Books,869.22
T00982,C0073,2023-05-14,Groceries,195.23
T00983,C0283,2020-03-05,Clothing,856.98
T00984,C0242,2021-07-17,Groceries,739.54
T00985,C0283,2021-09-18,Groceries,715.34
T00986,C0383,2020-07-31,Electronics,524.29
T00987,C0076,2020-02-28,Furniture,623.3
T00988,C0287,2023-12-22,Groceries,584.12
T00989,C0115,2023-09-15,Clothing,896.78
T00990,C0194,2023-06-04,Clothing,694.43
T00991,C0475,2020-09-09,Clothing,63.26
T00992,C0360,2021-03-04,Books,59.73
T00993,C0328,2022-02-24,Furniture,259.07
T00994,C0125,2023-05-11,Books,907.38
T00995,C0151,2021-11-09,Electronics,838.58
T00996,C0400,2022-06-12,Furniture,888.52
T00997,C0464,2023-04-15,Clothing,190.08
T00998,C0452,2023-02-12,Electronics,16.24
T00999,C0318,2023-04-04,Groceries,831.25
T01000,C0029,2023-04-30,Electronics,833.24
