{
    "name": "Coding-challenge",
    "properties": {
        "type": "MappingDataFlow",
        "typeProperties": {
            "sources": [
                {
                    "dataset": {
                        "referenceName": "coding_challenge_1",
                        "type": "DatasetReference"
                    },
                    "name": "codingchallengesource"
                }
            ],
            "sinks": [
                {
                    "dataset": {
                        "referenceName": "Codingchallengeoutput",
                        "type": "DatasetReference"
                    },
                    "name": "codingchallengeoutput"
                }
            ],
            "transformations": [
                {
                    "name": "sort1"
                }
            ],
            "scriptLines": [
                "source(output(",
                "          TransactionID as string,",
                "          CustomerID as string,",
                "          TransactionDate as string,",
                "          ProductCategory as string,",
                "          TransactionAmount as string",
                "     ),",
                "     allowSchemaDrift: true,",
                "     validateSchema: false,",
                "     ignoreNoFilesFound: false) ~> codingchallengesource",
                "codingchallengesource sort(asc(TransactionDate, true)) ~> sort1",
                "sort1 sink(allowSchemaDrift: true,",
                "     validateSchema: false,",
                "     input(",
                "          User_ID as string,",
                "          Product_ID as string,",
                "          Category as string,",
                "          {Price (Rs.)} as string,",
                "          {Discount (%)} as string,",
                "          {Final_Price(Rs.)} as string,",
                "          Payment_Method as string,",
                "          Purchase_Date as string",
                "     ),",
                "     umask: 0022,",
                "     preCommands: [],",
                "     postCommands: [],",
                "     skipDuplicateMapInputs: true,",
                "     skipDuplicateMapOutputs: true) ~> codingchallengeoutput"
            ]
        }
    }
}