{"$schema":"http://schema.management.azure.com/schemas/2015-01-01/deploymentTemplate.json#","contentVersion":"1.0.0.0","parameters":{"workspaceName":{"type":"string","metadata":"Workspace name","defaultValue":"sarthak-synapse"},"CodingDatabricks":{"type":"string"},"codingchallengeblob":{"type":"string"},"coding_challenge_lake":{"type":"string"}},"variables":{"workspaceId":"[concat('Microsoft.Synapse/workspaces/', parameters('workspaceName'))]"},"resources":[{"name":"[concat(parameters('workspaceName'), '/Coding-challenge-pipeline')]","type":"Microsoft.Synapse/workspaces/pipelines","apiVersion":"2019-06-01-preview","properties":{"activities":[{"name":"Task1","type":"ExecuteDataFlow","dependsOn":[],"policy":{"timeout":"0.12:00:00","retry":0,"retryIntervalInSeconds":30,"secureOutput":false,"secureInput":false},"userProperties":[],"typeProperties":{"dataflow":{"referenceName":"Coding-challenge","type":"DataFlowReference","parameters":{},"datasetParameters":{"codingchallengesource":{},"codingchallengeoutput":{}}},"staging":{},"compute":{"coreCount":8,"computeType":"General"},"traceLevel":"Fine"}},{"name":"Task-2","type":"DatabricksNotebook","dependsOn":[{"activity":"Task1","dependencyConditions":["Completed"]}],"policy":{"timeout":"0.12:00:00","retry":0,"retryIntervalInSeconds":30,"secureOutput":false,"secureInput":false},"userProperties":[],"typeProperties":{"notebookPath":"/Users/azuser2371_mml.local@techademy.com/DevOps-coding-challenge"},"linkedServiceName":{"referenceName":"[parameters('CodingDatabricks')]","type":"LinkedServiceReference"}}],"policy":{"elapsedTimeMetric":{}},"annotations":[]},"dependsOn":["[concat(variables('workspaceId'), '/dataflows/Coding-challenge')]"]},{"name":"[concat(parameters('workspaceName'), '/Coding-challenge')]","type":"Microsoft.Synapse/workspaces/dataflows","apiVersion":"2019-06-01-preview","properties":{"type":"MappingDataFlow","typeProperties":{"sources":[{"dataset":{"referenceName":"coding_challenge_1","type":"DatasetReference"},"name":"codingchallengesource"}],"sinks":[{"dataset":{"referenceName":"Codingchallengeoutput","type":"DatasetReference"},"name":"codingchallengeoutput"}],"transformations":[{"name":"sort1"}],"scriptLines":["source(output(","          TransactionID as string,","          CustomerID as string,","          TransactionDate as string,","          ProductCategory as string,","          TransactionAmount as string","     ),","     allowSchemaDrift: true,","     validateSchema: false,","     ignoreNoFilesFound: false) ~> codingchallengesource","codingchallengesource sort(asc(TransactionDate, true)) ~> sort1","sort1 sink(allowSchemaDrift: true,","     validateSchema: false,","     input(","          User_ID as string,","          Product_ID as string,","          Category as string,","          {Price (Rs.)} as string,","          {Discount (%)} as string,","          {Final_Price(Rs.)} as string,","          Payment_Method as string,","          Purchase_Date as string","     ),","     umask: 0022,","     preCommands: [],","     postCommands: [],","     skipDuplicateMapInputs: true,","     skipDuplicateMapOutputs: true) ~> codingchallengeoutput"]}},"dependsOn":["[concat(variables('workspaceId'), '/datasets/coding_challenge_1')]","[concat(variables('workspaceId'), '/datasets/Codingchallengeoutput')]"]},{"name":"[concat(parameters('workspaceName'), '/coding_challenge_1')]","type":"Microsoft.Synapse/workspaces/datasets","apiVersion":"2019-06-01-preview","properties":{"linkedServiceName":{"referenceName":"[parameters('codingchallengeblob')]","type":"LinkedServiceReference"},"annotations":[],"type":"DelimitedText","typeProperties":{"location":{"type":"AzureBlobStorageLocation","fileName":"sample_retail_transactions.csv","container":"sarthak-container-1"},"columnDelimiter":",","escapeChar":"\\","firstRowAsHeader":true,"quoteChar":"\""},"schema":[{"name":"TransactionID","type":"String"},{"name":"CustomerID","type":"String"},{"name":"TransactionDate","type":"String"},{"name":"ProductCategory","type":"String"},{"name":"TransactionAmount","type":"String"}]},"dependsOn":[]},{"name":"[concat(parameters('workspaceName'), '/Codingchallengeoutput')]","type":"Microsoft.Synapse/workspaces/datasets","apiVersion":"2019-06-01-preview","properties":{"linkedServiceName":{"referenceName":"[parameters('coding_challenge_lake')]","type":"LinkedServiceReference"},"annotations":[],"type":"DelimitedText","typeProperties":{"location":{"type":"AzureBlobFSLocation","fileSystem":"sarthak-project-container-2"},"columnDelimiter":",","escapeChar":"\\","firstRowAsHeader":true,"quoteChar":"\""},"schema":[{"name":"User_ID","type":"String"},{"name":"Product_ID","type":"String"},{"name":"Category","type":"String"},{"name":"Price (Rs.)","type":"String"},{"name":"Discount (%)","type":"String"},{"name":"Final_Price(Rs.)","type":"String"},{"name":"Payment_Method","type":"String"},{"name":"Purchase_Date","type":"String"}]},"dependsOn":[]}]}